Province,Zone,VegType,Vol/ha,OriginalVol/ha,Comments
3,301,Es,0,0,NULL
3,301,Fri,34,34,NULL
3,301,G,0,0,NULL
3,301,Ga,0,0,NULL
3,301,Gi,0,0,NULL
3,301,H,19,19,NULL
3,301,L,36,36,NULL
3,301,M,34,34,NULL
3,301,Mo,0,0,NULL
3,301,O,0,0,NULL
3,301,P,38,38,NULL
3,301,Qa,0,0,NULL
3,301,Qf,0,0,NULL
3,301,Sa,0,0,NULL
3,301,Sc,0,0,NULL
3,301,U,0,0,NULL
3,301,W,34,34,NULL
3,301,Z,0,0,NULL
3,302,E,0,0,NULL
3,302,Es,0,0,NULL
3,302,Fsw,34,34,NULL
3,302,G,0,0,NULL
3,302,Ga,0,0,NULL
3,302,Gi,0,0,NULL
3,302,H,38,38,NULL
3,302,L,36,36,NULL
3,302,M,34,34,NULL
3,302,Mo,0,0,NULL
3,302,O,0,0,NULL
3,302,P,56,56,NULL
3,302,Qa,0,0,NULL
3,302,Qf,0,0,NULL
3,302,Sa,0,0,NULL
3,302,Sc,0,0,NULL
3,302,U,0,0,NULL
3,302,W,34,34,NULL
3,302,Z,0,0,NULL
3,303,E,0,0,NULL
3,303,Fsw,17,17,NULL
3,303,G,0,0,NULL
3,303,Ga,0,0,NULL
3,303,H,30,30,NULL
3,303,L,36,36,NULL
3,303,M,24,24,NULL
3,303,Mo,0,0,NULL
3,303,O,0,0,NULL
3,303,P,30,30,NULL
3,303,Sa,0,0,NULL
3,303,W,34,34,NULL
3,303,Z,0,0,NULL
4,401,E,0,0,NULL
4,401,Fri,34,34,NULL
4,401,G,0,0,NULL
4,401,Ga,0,0,NULL
4,401,Gi,0,0,NULL
4,401,H,30,30,NULL
4,401,L,36,36,NULL
4,401,M,34,34,NULL
4,401,Mo,0,0,NULL
4,401,O,0,0,NULL
4,401,P,35,35,NULL
4,401,Sc,0,0,NULL
4,401,W,34,34,NULL
4,402,B,0,0,NULL
4,402,E,0,0,NULL
4,402,Es,0,0,NULL
4,402,Fsw,34,34,NULL
4,402,G,0,0,NULL
4,402,H,30,30,NULL
4,402,L,36,36,NULL
4,402,M,34,34,NULL
4,402,O,0,0,NULL
4,402,P,24,24,NULL
4,402,Qa,0,0,NULL
4,402,Sc,0,0,NULL
4,402,U,0,0,NULL
4,402,W,34,34,NULL
4,402,Z,0,0,NULL
4,403,B,0,0,NULL
4,403,E,0,0,NULL
4,403,Fsw,34,34,NULL
4,403,G,0,0,NULL
4,403,H,34,34,NULL
4,403,M,34,34,NULL
4,403,O,0,0,NULL
4,403,P,31,31,NULL
4,403,U,0,0,NULL
4,403,W,34,34,NULL
4,404,B,0,0,NULL
4,404,E,0,0,NULL
4,404,Es,0,0,NULL
4,404,G,0,0,NULL
4,404,H,19,19,NULL
4,404,M,34,34,NULL
4,404,O,0,0,NULL
4,404,P,30,30,NULL
4,404,Sc,0,0,NULL
4,404,U,0,0,NULL
4,404,W,34,34,NULL
4,404,Z,0,0,NULL
4,405,B,0,0,NULL
4,405,E,0,0,NULL
4,405,Es,0,0,NULL
4,405,G,0,0,NULL
4,405,H,37,37,NULL
4,405,L,36,36,NULL
4,405,M,34,34,NULL
4,405,O,0,0,NULL
4,405,P,31,31,NULL
4,405,Qa,0,0,NULL
4,405,Qf,0,0,NULL
4,405,Sa,0,0,NULL
4,405,U,0,0,NULL
4,405,W,34,34,NULL
4,405,Z,0,0,NULL
5,501,B,0,0,NULL
5,501,E,0,0,NULL
5,501,Es,0,0,NULL
5,501,Fsw,34,34,NULL
5,501,G,0,0,NULL
5,501,Ga,0,0,NULL
5,501,Gi,0,0,NULL
5,501,H,25,25,NULL
5,501,L,36,36,NULL
5,501,M,34,34,NULL
5,501,Mo,0,0,NULL
5,501,O,0,0,NULL
5,501,P,37,37,NULL
5,501,Qa,0,0,NULL
5,501,U,0,0,NULL
5,501,W,34,34,NULL
5,502,E,0,0,NULL
5,502,Es,0,0,NULL
5,502,Fri,34,34,NULL
5,502,Fsw,34,34,NULL
5,502,G,0,0,NULL
5,502,Ga,0,0,NULL
5,502,Gi,0,0,NULL
5,502,H,30,30,NULL
5,502,L,36,36,NULL
5,502,M,34,34,NULL
5,502,Mo,0,0,NULL
5,502,O,0,0,NULL
5,502,P,35,35,NULL
5,502,Qa,0,0,NULL
5,502,Sa,0,0,NULL
5,502,Sc,0,0,NULL
5,502,U,0,0,NULL
5,502,W,34,34,NULL
5,502,Z,0,0,NULL
6,601,E,0,0,NULL
6,601,Fsw,34,34,NULL
6,601,G,0,0,NULL
6,601,Ga,0,0,NULL
6,601,Gi,0,0,NULL
6,601,H,40,40,NULL
6,601,L,43,43,NULL
6,601,Mo,0,0,NULL
6,601,O,0,0,NULL
6,601,P,33,33,NULL
6,601,Qa,0,0,NULL
6,601,Qf,0,0,NULL
6,601,U,0,0,NULL
6,601,W,34,34,NULL
6,601,Z,0,0,NULL
6,602,E,0,0,NULL
6,602,G,0,0,NULL
6,602,H,55,55,NULL
6,602,L,30,30,NULL
6,602,O,0,0,NULL
6,602,P,33,33,NULL
7,701,E,0,0,NULL
7,701,G,0,0,NULL
7,701,Ga,0,0,NULL
7,701,Gi,0,0,NULL
7,701,H,50,50,NULL
7,701,L,32,32,NULL
7,701,Mo,0,0,NULL
7,701,O,0,0,NULL
7,701,P,33,33,NULL
7,701,Qa,0,0,NULL
7,701,Qf,0,0,NULL
7,701,U,0,0,NULL
7,701,Z,0,0,NULL
8,801,E,0,0,NULL
8,801,G,0,0,NULL
8,801,Ga,0,0,NULL
8,801,Gi,0,0,NULL
8,801,H,49,49,NULL
8,801,L,50,50,NULL
8,801,Mo,0,0,NULL
8,801,O,0,0,NULL
8,801,P,33,33,NULL
8,801,Qa,0,0,NULL
8,801,U,0,0,NULL
9,901,E,0,0,NULL
9,901,Fsw,34,34,NULL
9,901,G,0,0,NULL
9,901,Ga,0,0,NULL
9,901,Gi,0,0,NULL
9,901,H,44,44,NULL
9,901,L,81,81,NULL
9,901,Mo,0,0,NULL
9,901,O,0,0,NULL
9,901,P,33,33,NULL
9,901,Qa,0,0,NULL
9,901,Qf,0,0,NULL
9,901,U,0,0,NULL
9,901,Z,0,0,NULL
9,902,E,0,0,NULL
9,902,G,0,0,NULL
9,902,H,62,62,NULL
9,902,L,10,10,NULL
9,902,O,0,0,NULL
9,902,P,33,33,NULL
9,902,Z,0,0,NULL
10,1001,E,0,0,NULL
10,1001,Es,0,0,NULL
10,1001,G,0,0,NULL
10,1001,H,15,15,NULL
10,1001,L,36,36,NULL
10,1001,O,0,0,NULL
10,1001,P,33,33,NULL
10,1001,U,0,0,NULL
10,1001,Z,0,0,NULL
10,1002,E,0,0,NULL
10,1002,Es,0,0,NULL
10,1002,Fsw,34,34,NULL
10,1002,G,0,0,NULL
10,1002,H,36,36,NULL
10,1002,L,36,36,NULL
10,1002,O,0,0,NULL
10,1002,P,27,27,NULL
10,1002,Qa,0,0,NULL
10,1002,U,0,0,NULL
10,1002,W,34,34,NULL
10,1002,Z,0,0,NULL
10,1003,B,0,0,NULL
10,1003,E,0,0,NULL
10,1003,Es,0,0,NULL
10,1003,Fsw,34,34,NULL
10,1003,G,0,0,NULL
10,1003,H,26,26,NULL
10,1003,L,36,36,NULL
10,1003,M,34,34,NULL
10,1003,O,0,0,NULL
10,1003,P,27,27,NULL
10,1003,Qa,0,0,NULL
10,1003,U,0,0,NULL
10,1003,W,34,34,NULL
10,1003,Z,0,0,NULL
10,1004,E,0,0,NULL
10,1004,Fri,34,34,NULL
10,1004,Fsw,34,34,NULL
10,1004,G,0,0,NULL
10,1004,H,33,33,NULL
10,1004,L,36,36,NULL
10,1004,O,0,0,NULL
10,1004,P,31,31,NULL
10,1004,W,34,34,NULL
10,1004,Z,0,0,NULL
10,1005,E,0,0,NULL
10,1005,Fri,34,34,NULL
10,1005,Fsw,34,34,NULL
10,1005,G,0,0,NULL
10,1005,Ga,0,0,NULL
10,1005,H,55,55,NULL
10,1005,L,36,36,NULL
10,1005,O,0,0,NULL
10,1005,P,27,27,NULL
10,1005,W,34,34,NULL
10,1005,Z,0,0,NULL
10,1006,E,0,0,NULL
10,1006,Fsw,34,34,NULL
10,1006,G,0,0,NULL
10,1006,Ga,0,0,NULL
10,1006,Gi,0,0,NULL
10,1006,H,54,54,NULL
10,1006,L,36,36,NULL
10,1006,Mo,0,0,NULL
10,1006,O,0,0,NULL
10,1006,P,27,27,NULL
10,1006,Sc,0,0,NULL
10,1006,U,0,0,NULL
10,1006,Z,0,0,NULL
10,1007,E,0,0,NULL
10,1007,Es,0,0,NULL
10,1007,G,0,0,NULL
10,1007,H,27,27,NULL
10,1007,L,36,36,NULL
10,1007,O,0,0,NULL
10,1007,P,27,27,NULL
10,1007,U,0,0,NULL
10,1007,Z,0,0,NULL
11,1101,B,0,0,NULL
11,1101,E,0,0,NULL
11,1101,Fsw,34,34,NULL
11,1101,G,0,0,NULL
11,1101,H,65,65,NULL
11,1101,L,36,36,NULL
11,1101,M,34,34,NULL
11,1101,O,0,0,NULL
11,1101,P,49,49,NULL
11,1101,U,0,0,NULL
11,1101,W,34,34,NULL
11,1102,E,0,0,NULL
11,1102,Fri,34,34,NULL
11,1102,Fsw,34,34,NULL
11,1102,G,0,0,NULL
11,1102,H,57,57,NULL
11,1102,M,34,34,NULL
11,1102,O,0,0,NULL
11,1102,P,27,27,NULL
11,1102,Qa,0,0,NULL
11,1102,W,34,34,NULL
11,1103,E,0,0,NULL
11,1103,Fri,34,34,NULL
11,1103,Fsw,34,34,NULL
11,1103,G,0,0,NULL
11,1103,H,33,33,NULL
11,1103,P,29,29,NULL
11,1103,W,34,34,NULL
11,1104,B,0,0,NULL
11,1104,E,0,0,NULL
11,1104,Fri,34,34,NULL
11,1104,Fsw,34,34,NULL
11,1104,G,0,0,NULL
11,1104,Ga,0,0,NULL
11,1104,Gi,0,0,NULL
11,1104,H,48,48,NULL
11,1104,L,36,36,NULL
11,1104,M,34,34,NULL
11,1104,Mo,0,0,NULL
11,1104,O,0,0,NULL
11,1104,P,40,40,NULL
11,1104,U,0,0,NULL
11,1104,W,34,34,NULL
12,1201,B,0,0,NULL
12,1201,E,0,0,NULL
12,1201,Fri,34,34,NULL
12,1201,Fsw,34,34,NULL
12,1201,G,0,0,NULL
12,1201,H,50,50,NULL
12,1201,L,36,36,NULL
12,1201,M,34,34,NULL
12,1201,O,0,0,NULL
12,1201,P,37,37,NULL
12,1201,Qa,0,0,NULL
12,1201,Qf,0,0,NULL
12,1201,U,0,0,NULL
12,1201,W,34,34,NULL
12,1201,Z,0,0,NULL
12,1202,E,0,0,NULL
12,1202,Fsw,34,34,NULL
12,1202,G,0,0,NULL
12,1202,H,34,34,NULL
12,1202,L,36,36,NULL
12,1202,O,0,0,NULL
12,1202,P,47,47,NULL
12,1202,Qa,0,0,NULL
12,1202,Qf,0,0,NULL
12,1202,W,34,34,NULL
12,1202,Z,0,0,NULL
12,1203,E,0,0,NULL
12,1203,Fri,34,34,NULL
12,1203,Fsw,34,34,NULL
12,1203,G,0,0,NULL
12,1203,Ga,0,0,NULL
12,1203,Gi,0,0,NULL
12,1203,H,41,41,NULL
12,1203,L,36,36,NULL
12,1203,Mo,0,0,NULL
12,1203,O,0,0,NULL
12,1203,P,28,28,NULL
12,1203,Qa,0,0,NULL
12,1203,W,34,34,NULL
12,1203,Z,0,0,NULL
12,1204,E,0,0,NULL
12,1204,Fri,34,34,NULL
12,1204,G,0,0,NULL
12,1204,Ga,0,0,NULL
12,1204,Gi,0,0,NULL
12,1204,H,30,30,NULL
12,1204,L,28,28,NULL
12,1204,Mo,0,0,NULL
12,1204,O,0,0,NULL
12,1204,P,12,12,NULL
12,1204,Qa,0,0,NULL
12,1204,U,0,0,NULL
12,1204,Z,0,0,NULL
13,1301,E,0,0,NULL
13,1301,Es,0,0,NULL
13,1301,Fri,34,34,NULL
13,1301,G,0,0,NULL
13,1301,Ga,0,0,NULL
13,1301,Gi,0,0,NULL
13,1301,H,33,33,NULL
13,1301,L,29,29,NULL
13,1301,M,34,34,NULL
13,1301,Mo,0,0,NULL
13,1301,O,0,0,NULL
13,1301,P,12,12,NULL
13,1301,Qa,0,0,NULL
13,1301,Qf,0,0,NULL
13,1301,U,0,0,NULL
13,1301,Z,0,0,NULL
13,1302,E,0,0,NULL
13,1302,Fri,34,34,NULL
13,1302,G,0,0,NULL
13,1302,H,32,32,NULL
13,1302,L,44,44,NULL
13,1302,O,0,0,NULL
13,1302,P,34,34,NULL
13,1302,Qa,0,0,NULL
13,1302,U,0,0,NULL
13,1302,W,34,34,NULL
13,1302,Z,0,0,NULL
13,1303,E,0,0,NULL
13,1303,Es,0,0,NULL
13,1303,Fsw,34,34,NULL
13,1303,G,0,0,NULL
13,1303,H,22,22,NULL
13,1303,L,44,44,NULL
13,1303,M,34,34,NULL
13,1303,O,0,0,NULL
13,1303,P,10,10,NULL
13,1304,B,0,0,NULL
13,1304,E,0,0,NULL
13,1304,Es,0,0,NULL
13,1304,Fri,34,34,NULL
13,1304,Fsw,34,34,NULL
13,1304,G,0,0,NULL
13,1304,Ga,0,0,NULL
13,1304,Gi,0,0,NULL
13,1304,H,29,29,NULL
13,1304,L,53,53,NULL
13,1304,M,34,34,NULL
13,1304,Mo,0,0,NULL
13,1304,O,0,0,NULL
13,1304,P,55,55,NULL
13,1304,Qa,0,0,NULL
13,1304,Qf,0,0,NULL
13,1304,Sc,0,0,NULL
13,1304,U,0,0,NULL
13,1304,W,34,34,NULL
13,1304,Z,0,0,NULL
13,1305,E,0,0,NULL
13,1305,G,0,0,NULL
13,1305,H,50,50,NULL
13,1305,L,32,32,NULL
13,1305,Mo,0,0,NULL
13,1305,O,0,0,NULL
13,1306,B,0,0,NULL
13,1306,E,0,0,NULL
13,1306,Es,0,0,NULL
13,1306,Fri,34,34,NULL
13,1306,Fsw,29,29,NULL
13,1306,G,0,0,NULL
13,1306,Ga,0,0,NULL
13,1306,H,42,42,NULL
13,1306,L,44,44,NULL
13,1306,M,34,34,NULL
13,1306,Mo,0,0,NULL
13,1306,O,0,0,NULL
13,1306,P,33,33,NULL
13,1306,U,0,0,NULL
13,1306,W,13,13,NULL
13,1306,Z,0,0,NULL
14,1401,B,0,0,NULL
14,1401,E,0,0,NULL
14,1401,Es,0,0,NULL
14,1401,Fri,34,34,NULL
14,1401,Fsw,34,34,NULL
14,1401,G,0,0,NULL
14,1401,H,55,55,NULL
14,1401,L,28,28,NULL
14,1401,M,34,34,NULL
14,1401,O,0,0,NULL
14,1401,P,59,59,NULL
14,1401,Qa,0,0,NULL
14,1401,Sc,0,0,NULL
14,1401,U,0,0,NULL
14,1401,W,34,34,NULL
14,1401,Z,0,0,NULL
14,1402,E,0,0,NULL
14,1402,Fri,34,34,NULL
14,1402,G,0,0,NULL
14,1402,H,35,35,NULL
14,1402,L,36,36,NULL
14,1402,M,34,34,NULL
14,1402,O,0,0,NULL
14,1402,P,39,39,NULL
14,1403,E,0,0,NULL
14,1403,Es,0,0,NULL
14,1403,Fri,34,34,NULL
14,1403,Fsw,34,34,NULL
14,1403,G,0,0,NULL
14,1403,H,34,34,NULL
14,1403,L,36,36,NULL
14,1403,M,34,34,NULL
14,1403,O,0,0,NULL
14,1403,P,56,56,NULL
14,1403,Qa,0,0,NULL
14,1403,U,0,0,NULL
14,1403,W,34,34,NULL
14,1403,Z,0,0,NULL
15,1501,B,0,0,NULL
15,1501,E,0,0,NULL
15,1501,Es,0,0,NULL
15,1501,Fri,18,18,NULL
15,1501,Fsw,34,34,NULL
15,1501,G,0,0,NULL
15,1501,H,32,32,NULL
15,1501,L,20,20,NULL
15,1501,M,34,34,NULL
15,1501,O,0,0,NULL
15,1501,P,26,26,NULL
15,1501,Qa,0,0,NULL
15,1501,Qf,0,0,NULL
15,1501,U,0,0,NULL
15,1501,Z,0,0,NULL
15,1502,B,0,0,NULL
15,1502,E,0,0,NULL
15,1502,Es,0,0,NULL
15,1502,Fri,34,34,NULL
15,1502,G,0,0,NULL
15,1502,H,34,34,NULL
15,1502,L,37,37,NULL
15,1502,O,0,0,NULL
15,1502,P,59,59,NULL
15,1502,Qa,0,0,NULL
15,1502,Sc,0,0,NULL
15,1502,U,0,0,NULL
15,1502,W,34,34,NULL
15,1502,Z,0,0,NULL
16,1601,E,0,0,NULL
16,1601,Es,0,0,NULL
16,1601,Fri,34,34,NULL
16,1601,G,0,0,NULL
16,1601,H,26,26,NULL
16,1601,L,36,36,NULL
16,1601,M,34,34,NULL
16,1601,O,0,0,NULL
16,1601,P,33,33,NULL
16,1601,Qa,0,0,NULL
16,1601,U,0,0,NULL
16,1601,Z,0,0,NULL
16,1602,B,0,0,NULL
16,1602,E,0,0,NULL
16,1602,Es,0,0,NULL
16,1602,G,0,0,NULL
16,1602,H,33,33,NULL
16,1602,L,36,36,NULL
16,1602,M,34,34,NULL
16,1602,O,0,0,NULL
16,1602,P,33,33,NULL
16,1602,Qa,0,0,NULL
16,1602,U,0,0,NULL
16,1602,W,34,34,NULL
16,1602,Z,0,0,NULL
16,1603,E,0,0,NULL
16,1603,Es,0,0,NULL
16,1603,Fsw,34,34,NULL
16,1603,G,0,0,NULL
16,1603,H,31,31,NULL
16,1603,M,34,34,NULL
16,1603,O,0,0,NULL
16,1603,P,33,33,NULL
16,1603,Qa,0,0,NULL
16,1603,U,0,0,NULL
16,1603,W,34,34,NULL
16,1603,Z,0,0,NULL
16,1604,E,0,0,NULL
16,1604,Es,0,0,NULL
16,1604,G,0,0,NULL
16,1604,H,35,35,NULL
16,1604,M,34,34,NULL
16,1604,O,0,0,NULL
16,1604,P,33,33,NULL
16,1604,Qa,0,0,NULL
16,1604,W,34,34,NULL
16,1604,Z,0,0,NULL
16,1605,E,0,0,NULL
16,1605,G,0,0,NULL
16,1605,H,55,55,NULL
16,1605,O,0,0,NULL
16,1605,P,33,33,NULL
17,1701,B,0,0,NULL
17,1701,E,0,0,NULL
17,1701,Es,0,0,NULL
17,1701,Fri,34,34,NULL
17,1701,Fsw,8,8,NULL
17,1701,G,0,0,NULL
17,1701,Ga,0,0,NULL
17,1701,H,24,24,NULL
17,1701,L,36,36,NULL
17,1701,M,34,34,NULL
17,1701,O,0,0,NULL
17,1701,P,14,14,NULL
17,1701,Qa,0,0,NULL
17,1701,Qf,0,0,NULL
17,1701,Sc,0,0,NULL
17,1701,U,0,0,NULL
17,1701,W,34,34,NULL
17,1701,Z,0,0,NULL
18,1801,B,0,0,NULL
18,1801,E,0,0,NULL
18,1801,Es,0,0,NULL
18,1801,G,0,0,NULL
18,1801,H,76,76,NULL
18,1801,M,34,34,NULL
18,1801,O,0,0,NULL
18,1801,P,33,33,NULL
18,1801,Qa,0,0,NULL
18,1801,U,0,0,NULL
18,1801,Z,0,0,NULL
19,1901,E,0,0,NULL
19,1901,Fsw,34,34,NULL
19,1901,G,0,0,NULL
19,1901,Ga,0,0,NULL
19,1901,Gi,0,0,NULL
19,1901,H,36,36,NULL
19,1901,L,42,42,NULL
19,1901,Mo,0,0,NULL
19,1901,O,0,0,NULL
19,1901,P,33,33,NULL
19,1901,Qa,0,0,NULL
19,1901,Qf,0,0,NULL
19,1901,Sa,0,0,NULL
19,1901,Z,0,0,NULL
19,1902,E,0,0,NULL
19,1902,Fsw,34,34,NULL
19,1902,G,0,0,NULL
19,1902,H,18,18,NULL
19,1902,L,10,10,NULL
19,1902,O,0,0,NULL
19,1902,P,33,33,NULL
19,1902,Sa,0,0,NULL
20,2001,E,0,0,NULL
20,2001,Es,0,0,NULL
20,2001,G,0,0,NULL
20,2001,H,20,20,NULL
20,2001,M,34,34,NULL
20,2001,O,0,0,NULL
20,2001,P,48,48,NULL
20,2001,Sa,0,0,NULL
20,2001,Sc,0,0,NULL
20,2001,U,0,0,NULL
20,2001,W,34,34,NULL
20,2001,Z,0,0,NULL
21,2101,E,0,0,NULL
21,2101,Fsw,34,34,NULL
21,2101,G,0,0,NULL
21,2101,Ga,0,0,NULL
21,2101,Gi,0,0,NULL
21,2101,H,40,40,NULL
21,2101,L,43,43,NULL
21,2101,Mo,0,0,NULL
21,2101,O,0,0,NULL
21,2101,P,33,33,NULL
21,2101,Sc,0,0,NULL
21,2101,Z,0,0,NULL
21,2102,E,0,0,NULL
21,2102,G,0,0,NULL
21,2102,H,55,55,NULL
21,2102,L,30,30,NULL
21,2102,O,0,0,NULL
21,2102,P,33,33,NULL
21,2102,W,34,34,NULL
22,2201,E,0,0,NULL
22,2201,Fsw,34,34,NULL
22,2201,G,0,0,NULL
22,2201,Ga,0,0,NULL
22,2201,Gi,0,0,NULL
22,2201,H,44,44,NULL
22,2201,L,81,81,NULL
22,2201,Mo,0,0,NULL
22,2201,O,0,0,NULL
22,2201,P,33,33,NULL
22,2201,Qa,0,0,NULL
22,2201,Z,0,0,NULL
22,2202,E,0,0,NULL
22,2202,G,0,0,NULL
22,2202,Ga,0,0,NULL
22,2202,Gi,0,0,NULL
22,2202,H,62,62,NULL
22,2202,L,10,10,NULL
22,2202,Mo,0,0,NULL
22,2202,O,0,0,NULL
22,2202,P,33,33,NULL
22,2202,Z,0,0,NULL
1,101,E,0,0,NULL
1,101,Fri,34,34,NULL
1,101,Fsw,34,34,NULL
1,101,G,0,0,NULL
1,101,Ga,0,0,NULL
1,101,Gi,0,0,NULL
1,101,H,20,20,NULL
1,101,L,36,36,NULL
1,101,Mo,0,0,NULL
1,101,O,0,0,NULL
1,101,P,33,33,NULL
1,101,U,0,0,NULL
1,101,W,34,34,NULL
1,102,E,0,0,NULL
1,102,Fri,34,34,NULL
1,102,Fsw,34,34,NULL
1,102,G,0,0,NULL
1,102,H,33,33,NULL
1,102,L,36,36,NULL
1,102,O,0,0,NULL
1,102,P,33,33,NULL
1,102,Sc,0,0,NULL
1,102,W,34,34,NULL
1,103,D,56,56,NULL
1,103,E,0,0,NULL
1,103,Fri,34,34,NULL
1,103,Fsw,34,34,NULL
1,103,G,0,0,NULL
1,103,H,43,43,NULL
1,103,M,34,34,NULL
1,103,O,0,0,NULL
1,103,P,33,33,NULL
1,103,W,34,34,NULL
1,104,B,0,0,NULL
1,104,D,45,45,NULL
1,104,E,0,0,NULL
1,104,Es,0,0,NULL
1,104,Fri,34,34,NULL
1,104,Fsw,34,34,NULL
1,104,G,0,0,NULL
1,104,H,22,22,NULL
1,104,M,34,34,NULL
1,104,O,0,0,NULL
1,104,P,33,33,NULL
1,104,Sa,0,0,NULL
1,104,W,34,34,NULL
1,105,B,0,0,NULL
1,105,D,34,34,NULL
1,105,E,0,0,NULL
1,105,Es,0,0,NULL
1,105,Fsw,34,34,NULL
1,105,G,0,0,NULL
1,105,H,22,22,NULL
1,105,M,34,34,NULL
1,105,O,0,0,NULL
1,105,P,33,33,NULL
1,105,Sa,0,0,NULL
1,105,Sc,0,0,NULL
1,105,U,0,0,NULL
1,105,W,29,29,NULL
1,105,Z,0,0,NULL
2,201,B,0,0,NULL
2,201,E,0,0,NULL
2,201,Es,0,0,NULL
2,201,Fri,34,34,NULL
2,201,Fsw,17,17,NULL
2,201,G,0,0,NULL
2,201,H,30,30,NULL
2,201,L,36,36,NULL
2,201,M,24,24,NULL
2,201,O,0,0,NULL
2,201,P,33,33,NULL
2,201,Qa,0,0,NULL
2,201,Sa,0,0,NULL
2,201,U,0,0,NULL
2,201,W,34,34,NULL
2,202,E,0,0,NULL
2,202,Es,0,0,NULL
2,202,Fsw,34,34,NULL
2,202,G,0,0,NULL
2,202,H,49,49,NULL
2,202,L,36,36,NULL
2,202,M,34,34,NULL
2,202,O,0,0,NULL
2,202,P,33,33,NULL
2,202,U,0,0,NULL
2,202,W,34,34,NULL
3,301,B,0,0,NULL
3,301,E,0,0,NULL
